id,fullName,points(2020-2021),average(2018-2021)
8475193,Tomas Tatar,30,33.333333333333336
8476808,Brian Flynn,34,25.333333333333332
8477341,Andreas Johnsson,11,25.0
8477425,Miles Wood,25,24.0
8478029,Chase De Leo,35,20.0
8478401,Pavel Zacha,35,24.0
8478421,A.J. Greer,14,5.333333333333333
8479407,Jesper Bratt,30,22.333333333333332
8479415,Michael McLeod,15,13.333333333333334
8479511,Janne Kuokkanen,7,12.666666666666666
8479970,Joseph Gambardella,13,29.666666666666668
8480002,Nico Hischier,2,16.333333333333332
8480003,Jesper Boqvist,7,8.0
8480026,Nate Schnarr,15,10.666666666666666
8480188,Fabian Zetterlund,19,16.0
8480226,Marian Studenic,1,3.0
8480237,Aarne Talvitie,3,11.666666666666666
8481068,Yegor Sharangovich,3,10.333333333333334
8481518,Nolan Foote,17,8.0
8481559,Jack Hughes,31,33.333333333333336
8481578,Graeme Clarke,18,12.0
8481740,Tyce Thompson,4,10.0
8482110,Dawson Mercer,6,14.0
8482125,Alexander Holtz,3,8.0
8482714,Chase Stillman,16,8.0
8475314,Anders Lee,19,37.666666666666664
8479356,Kieffer Bellows,3,12.333333333333334
8473463,Leo Komarov,8,16.0
8473504,Cal Clutterbuck,11,6.0
8474573,Josh Bailey,35,44.666666666666664
8474709,Matt Martin,11,11.0
8475151,Kyle Palmieri,4,22.0
8475209,Richard Panik,4,11.666666666666666
8475231,Casey Cizikas,14,20.333333333333332
8475754,Brock Nelson,33,46.666666666666664
8476419,Jean-Gabriel Pageau,28,23.333333333333332
8477527,Ross Johnston,1,3.0
8478367,Cole Bardreau,16,7.333333333333333
8478445,Mathew Barzal,45,55.666666666666664
8478463,Anthony Beauvillier,28,31.666666666666668
8478512,Austin Czarnik,0,12.0
8479526,Otto Koivula,11,14.0
8479551,Collin Adams,34,23.0
8480242,Arnaud Durandeau,8,8.0
8480789,Oliver Wahlstrom,8,11.333333333333334
8481601,Simon Holmstrom,5,4.666666666666667
8481666,Reece Newkirk,12,34.666666666666664
8482691,Aatu Raty,7,5.666666666666667
8471817,Ryan Reaves,5,13.333333333333334
8475184,Chris Kreider,30,26.333333333333332
8475735,Greg McKegg,2,4.0
8476458,Ryan Strome,49,47.0
8476459,Mika Zibanejad,50,66.33333333333333
8476624,Barclay Goodrow,20,15.333333333333334
8477380,Jonny Brodzinski,17,16.0
8478104,Sammy Blais,15,15.333333333333334
8478211,Dryden Hunt,8,13.666666666666666
8478550,Artemi Panarin,58,80.0
8479291,Kevin Rooney,0,7.666666666666667
8479317,Ty Ronning,18,15.0
8479328,Julien Gauthier,8,15.666666666666666
8479364,Tim Gettinger,19,15.333333333333334
8479447,Anthony Greco,14,12.333333333333334
8480078,Filip Chytil,4,11.666666666666666
8480289,Morgan Barron,21,18.0
8480833,Vitali Kravtsov,0,9.333333333333334
8480986,Lauri Pajuniemi,38,26.0
8481438,Jake Elmer,12,11.666666666666666
8481548,Karl Henriksson,2,5.666666666666667
8481554,Kaapo Kakko,17,17.0
8482054,Patrick Khodorenko,10,14.333333333333334
8482065,Austin Rueschhoff,8,20.333333333333332
8482109,Alexis Lafrenière,21,47.666666666666664
8482157,William Cuylle,5,16.666666666666668
8482179,Justin Richards,11,12.333333333333334
8482747,Brennan Othmann,6,18.333333333333332
8470775,Nate Thompson,5,6.666666666666667
8473512,Claude Giroux,43,60.333333333333336
8473544,Derick Brassard,20,18.666666666666668
8474037,James van Riemsdyk,43,29.333333333333332
8474715,Cam Atkinson,34,43.0
8475763,Kevin Hayes,31,28.333333333333332
8476461,Sean Couturier,41,34.666666666666664
8476872,Scott Laughton,20,26.333333333333332
8477352,Ryan Fitzgerald,21,28.333333333333332
8477502,Samuel Morin,2,1.0
8477979,Nicolas Aube-Kubel,12,11.666666666666666
8478051,Max Willman,16,16.666666666666668
8478067,Oskar Lindblom,14,12.333333333333334
8478439,Travis Konecny,34,48.0
8479322,Wade Allison,9,13.0
8479382,Connor Bunnaman,2,4.0
8479424,German Rubtsov,11,8.0
8479550,Tanner Laczynski,10,14.666666666666666
8479933,Gerald Mayhew,18,26.666666666666668
8480017,Matthew Strome,1,4.0
8480019,Isaac Ratcliffe,8,35.0
8480028,Morgan Frost,0,12.0
8480201,Maksim Sushko,0,1.6666666666666667
8480797,Joel Farabee,38,21.0
8482159,Tyson Foerster,17,40.0
8482161,Zayde Wisdom,18,29.0
8482243,Linus Sandin,10,18.666666666666668
8482452,Elliot Desnoyers,49,28.333333333333332
8482654,Jackson Cates,27,17.0
8482727,Samu Tuomaala,31,14.0
8483010,Jon-Randall Avon,0,4.333333333333333
8470604,Jeff Carter,11,19.0
8471215,Evgeni Malkin,28,36.333333333333336
8471675,Sidney Crosby,62,69.66666666666667
8475722,Jason Zucker,18,19.666666666666668
8475808,Michael Chaput,0,9.666666666666666
8475810,Bryan Rust,42,44.333333333333336
8476927,Teddy Blueger,22,16.0
8476934,Brock McGinn,13,18.666666666666668
8477404,Jake Guentzel,57,58.666666666666664
8477953,Kasperi Kapanen,30,36.666666666666664
8478043,Sam Lafferty,6,7.333333333333333
8478046,Danton Heinen,14,13.333333333333334
8478074,Anthony Angello,10,13.0
8478542,Evan Rodrigues,14,8.0
8478866,Dominik Simon,0,7.333333333333333
8479512,Kasper Bjorkqvist,0,9.0
8479944,Zach Aston-Reese,15,12.333333333333334
8482055,Drew O'Connor,10,10.0
8482241,Radim Zohorna,22,12.333333333333334
8470638,Patrice Bergeron,48,61.0
8473419,Brad Marchand,69,85.33333333333333
8473422,Nick Foligno,4,17.0
8475225,Craig Smith,32,33.666666666666664
8475287,Erik Haula,21,15.0
8475745,Charlie Coyle,16,19.666666666666668
8475791,Taylor Hall,14,20.0
8476396,Steven Fogarty,10,16.666666666666668
8477320,Anton Blidh,7,3.3333333333333335
8477508,Curtis Lazar,4,9.0
8477931,Tomas Nosek,18,16.666666666666668
8477956,David Pastrnak,48,74.66666666666667
8478485,Zach Senyshyn,13,9.666666666666666
8478498,Jake DeBrusk,14,30.333333333333332
8478888,Cameron Hughes,21,12.333333333333334
8479350,Matt Filipe,2,9.666666666666666
8479365,Trent Frederic,5,12.333333333333334
8479533,Joona Koppanen,17,9.333333333333334
8479546,Oskar Steen,15,8.666666666666666
8480021,Jack Studnicka,7,19.666666666666668
8480838,Curtis Hall,1,9.666666666666666
8480880,Jakub Lauko,10,10.666666666666666
8480901,Karson Kuhlman,3,3.3333333333333335
8481157,Samuel Asselin,16,23.666666666666668
8482763,Fabian Lysell,9,8.333333333333334
8482834,Jesper Froden,1,15.0
8476878,Zemgus Girgensons,1,12.666666666666666
8478403,Jack Eichel,18,34.666666666666664
8482759,Viljami Marjala,27,22.666666666666668
8482865,Josh Bloom,2,6.333333333333333
8482896,Tyson Kozak,1,13.666666666666666
8473449,Kyle Okposo,13,20.333333333333332
8475236,Cody Eakin,7,7.333333333333333
8475784,Jeff Skinner,14,33.333333333333336
8476994,Vinnie Hinostroza,12,11.333333333333334
8477391,Sean Malone,15,15.333333333333334
8477401,John Hayden,5,4.666666666666667
8477974,Ryan MacInnis,2,10.666666666666666
8478075,Anders Bjork,6,6.333333333333333
8478109,Victor Olofsson,32,45.666666666666664
8479335,Rasmus Asplund,9,7.333333333333333
8479419,Brett Murray,20,14.666666666666666
8479420,Tage Thompson,5,10.333333333333334
8479465,Drake Caggiula,3,8.333333333333334
8479999,Casey Mittelstadt,22,18.666666666666668
8480261,Linus Weissbach,41,29.333333333333332
8480881,Matej Pekar,9,6.333333333333333
8480906,Andrew Oglevie,7,15.333333333333334
8481528,Dylan Cozens,16,12.666666666666666
8481626,Arttu Ruotsalainen,5,15.0
8482061,Brandon Biro,5,23.333333333333332
8482097,Jack Quinn,5,34.333333333333336
8482175,J-J Peterka,10,9.0
8477494,Jonathan Drouin,23,30.333333333333332
8473618,Mathieu Perreault,19,21.333333333333332
8474038,Paul Byron,16,19.0
8474884,Mike Hoffman,36,55.0
8475726,Tyler Toffoli,44,29.333333333333332
8475848,Brendan Gallagher,0,22.0
8476469,Joel Armia,14,22.333333333333332
8476975,Cedric Paquette,7,8.666666666666666
8476981,Josh Anderson,24,25.0
8477476,Artturi Lehkonen,13,23.666666666666668
8477989,Christian Dvorak,31,23.0
8478133,Jake Evans,13,18.0
8480018,Nick Suzuki,41,28.333333333333332
8481540,Cole Caufield,4,20.333333333333332
8475766,Austin Watson,10,9.333333333333334
8475461,Andrew Agozzino,27,20.333333333333332
8476857,Pontus Aberg,2,23.0
8476919,Chris Tierney,19,34.666666666666664
8477015,Connor Brown,16,31.333333333333332
8477426,Nick Paul,4,9.333333333333334
8478400,Colin White,18,14.333333333333334
8479366,Logan Brown,9,12.333333333333334
8480029,Alex Formenton,4,21.0
8480064,Josh Norris,35,32.0
8480208,Drake Batherson,34,32.666666666666664
8480448,Parker Kelly,18,11.666666666666666
8481065,Angus Crookshank,16,18.666666666666668
8481133,Cole Reinhardt,12,37.333333333333336
8481596,Shane Pinto,32,15.333333333333334
8482116,Tim Stützle,10,16.0
8482162,Roby Jarventie,3,9.333333333333334
8469455,Jason Spezza,30,27.333333333333332
8474190,Wayne Simmonds,9,11.333333333333334
8475166,John Tavares,50,66.0
8476545,Kurtis Gabriel,3,4.0
8477021,Alexander Kerfoot,23,31.0
8477939,William Nylander,42,39.666666666666664
8477941,Nick Ritchie,26,15.666666666666666
8478020,Michael Amadio,2,1.6666666666666667
8478047,Michael Bunting,19,10.666666666666666
8478115,Pierre Engvall,12,14.333333333333334
8478131,Ondrej Kase,0,8.0
8478483,Mitchell Marner,67,76.0
8478881,Brett Seney,10,18.0
8479315,Joey Anderson,11,15.0
8479318,Auston Matthews,66,73.0
8480144,David Kampf,12,15.666666666666666
8481113,Pavel Gogolev,12,37.0
8481582,Nicholas Robertson,16,7.333333333333333
8481589,Mikhail Abramov,2,36.0
8481624,Ilya Mikheyev,17,13.333333333333334
8482634,Alex Steeves,32,23.0
8482815,Kirill Semyonov,26,24.666666666666668
8474613,Derek Stepan,6,23.0
8473533,Jordan Staal,38,31.0
8475799,Nino Niederreiter,34,21.666666666666668
8475855,Jesper Fast,19,22.666666666666668
8476389,Vincent Trocheck,43,27.0
8476410,Josh Leivo,9,15.333333333333334
8476474,Stefan Noesen,6,3.0
8476882,Teuvo Teravainen,15,51.333333333333336
8476921,Jordan Martinook,13,17.0
8477983,Maxim Letunov,15,18.666666666666668
8478427,Sebastian Aho,57,68.66666666666667
8478504,David Cotton,21,32.0
8478867,Spencer Smallman,12,5.333333333333333
8478904,Steven Lorentz,8,27.333333333333332
8479249,Andrew Poturalski,43,40.0
8479989,Stelio Mattheos,0,2.6666666666666665
8480039,Martin Necas,41,28.333333333333332
8480083,C.J. Smith,13,13.333333333333334
8480395,Sam Miletic,5,24.0
8480827,Dominik Bokk,18,9.666666666666666
8480829,Jesperi Kotkaniemi,8,13.666666666666666
8480830,Andrei Svechnikov,42,46.666666666666664
8480835,Jack Drury,2,11.333333333333334
8481576,Ryan Suzuki,4,16.333333333333332
8481579,Jamieson Rees,14,27.666666666666668
8481677,Blake Murray,23,48.333333333333336
8482093,Seth Jarvis,27,14.0
8466138,Joe Thornton,11,20.666666666666668
8471887,Patric Hornqvist,32,24.666666666666668
8474610,Zac Dalpe,4,6.0
8476456,Jonathan Huberdeau,61,77.0
8477407,Anthony Duclair,32,28.666666666666668
8477409,Carter Verhaeghe,36,43.666666666666664
8477493,Aleksander Barkov,58,72.0
8477933,Sam Reinhart,40,31.666666666666668
8477935,Sam Bennett,15,13.0
8477996,Juho Lammikko,8,5.0
8478366,Frank Vatrano,26,21.0
8478569,Noel Acciari,11,17.333333333333332
8478975,Mason Marchment,10,10.0
8479066,Ryan Lomberg,4,17.666666666666668
8479553,Maxim Mamin,3,13.0
8480015,Owen Tippett,18,30.333333333333332
8480037,Aleksi Heponiemi,14,7.333333333333333
8480185,Eetu Luostarinen,15,7.666666666666667
8480844,Grigori Denisenko,9,9.333333333333334
8480856,Serron Noel,4,17.0
8481025,Logan Hutsko,11,23.333333333333332
8481655,Cole Schwindt,2,40.666666666666664
8482113,Anton Lundell,2,6.333333333333333
8482438,Henry Bowlby,14,14.333333333333334
8470621,Corey Perry,21,17.333333333333332
8473986,Alex Killorn,33,40.666666666666664
8474034,Pat Maroon,18,23.0
8474564,Steven Stamkos,34,66.0
8475254,Gabriel Dumont,31,15.333333333333334
8476292,Ondrej Palat,46,30.0
8476453,Nikita Kucherov,85,39.333333333333336
8476948,Charles Hudon,32,23.0
8477461,Remi Elie,19,15.333333333333334
8477930,Pierre-Edouard Bellemare,11,16.0
8478010,Brayden Point,48,68.0
8478069,Daniel Walcott,3,7.333333333333333
8478472,Mathieu Joseph,19,15.666666666666666
8478519,Anthony Cirelli,22,23.333333333333332
8479383,Boris Katchouk,34,29.666666666666668
8479405,Otto Somppi,26,15.666666666666666
8479525,Ross Colton,3,19.0
8479718,Alex Barre-Boulet,12,23.666666666666668
8480030,Antoine Morand,6,11.333333333333334
8480047,Alexei Lipanov,15,10.333333333333334
8480863,Gabriel Fortier,8,16.333333333333332
8481043,Cole Koepke,23,19.666666666666668
8481228,Jimmy Huntington,4,8.666666666666666
8481738,Maxim Cajkovic,17,12.666666666666666
8482090,Jack Finley,0,19.0
8482201,Gage Goncalves,34,35.333333333333336
8482636,Odeen Tufto,47,28.333333333333332
8482818,Simon Ryfors,1,21.333333333333332
8471214,Alex Ovechkin,42,38.666666666666664
8471698,T.J. Oshie,43,48.666666666666664
8473563,Nicklas Backstrom,53,60.333333333333336
8474176,Carl Hagelin,16,17.333333333333332
8474189,Lars Eller,23,22.333333333333332
8475343,Nic Dowd,15,17.333333333333332
8475744,Evgeny Kuznetsov,29,30.666666666666668
8476880,Tom Wilson,33,39.0
8477511,Anthony Mantha,8,22.333333333333332
8477839,Conor Sheary,22,15.0
8477903,Garnet Hathaway,18,17.666666666666668
8478466,Daniel Sprong,20,17.666666666666668
8480087,Mike Vecchione,10,28.0
8473604,Jonathan Toews,60,64.33333333333333
8479423,Alex Nylander,26,20.333333333333332
8474141,Patrick Kane,66,54.0
8474870,Tyler Johnson,22,33.333333333333336
8475792,Brett Connolly,2,13.0
8476915,Jujhar Khaira,11,13.0
8477330,Dominik Kubalik,2,28.666666666666668
8477846,Ryan Carpenter,5,12.666666666666666
8478440,Dylan Strome,17,20.0
8478874,Adam Gaudette,4,4.0
8479337,Alex DeBrincat,56,36.666666666666664
8479386,Cam Morrison,27,23.666666666666668
8479404,Henrik Borgstrom,21,14.666666666666666
8479542,Brandon Hagel,0,13.0
8480025,MacKenzie Entwistle,12,13.333333333333334
8480066,Evan Barratt,14,30.333333333333332
8480190,Andrei Altybarmakian,12,10.0
8480798,Philipp Kurashev,5,10.0
8481004,Josiah Slavin,7,11.0
8481147,Reese Johnson,8,5.333333333333333
8481523,Kirby Dach,10,11.0
8481616,Michal Teply,0,1.6666666666666667
8482117,Lukas Reichel,6,14.0
8482308,Matej Chalupa,2,11.0
8482635,Mike Hardman,19,15.666666666666666
8482835,Jakub Pour,16,12.0
8477479,Tyler Bertuzzi,7,18.333333333333332
8477952,Robby Fabbri,18,16.666666666666668
8481680,Kirill Tyutyayev,32,20.0
8481866,Luke Toporowski,33,32.333333333333336
8482106,Cross Hanas,16,11.0
8482886,Pasquale Zito,13,13.333333333333334
8482969,Cooper Walker,8,8.0
8482978,Davis Codd,1,5.0
8483045,Cameron Butler,13,10.666666666666666
8474040,Sam Gagner,15,6.666666666666667
8474722,Luke Witkowski,2,3.6666666666666665
8476480,Vladislav Namestnikov,17,16.0
8477003,Riley Barber,34,23.666666666666668
8477240,Carter Rowney,6,15.0
8477454,Adam Erne,20,15.0
8477944,Jakub Vrana,4,13.333333333333334
8477946,Dylan Larkin,23,27.0
8478477,Mitchell Stephens,8,6.333333333333333
8478486,Chase Pearson,22,24.333333333333332
8479304,Kyle Criscuolo,19,14.333333333333334
8479379,Givani Smith,15,12.666666666666666
8479992,Michael Rasmussen,16,11.333333333333334
8480459,Pius Suter,5,12.333333333333334
8480813,Joe Veleno,3,8.0
8480821,Filip Zadina,4,12.333333333333334
8481013,Jonatan Berggren,2,19.0
8481433,Taro Hirose,28,19.0
8482078,Lucas Raymond,5,9.666666666666666
8475168,Matt Duchene,13,22.333333333333332
8475793,Ryan Johansen,22,40.666666666666664
8475798,Mikael Granlund,27,20.666666666666668
8476393,Nick Cousins,18,14.333333333333334
8476428,Rocco Grimaldi,13,18.333333333333332
8476887,Filip Forsberg,32,43.333333333333336
8476925,Colton Sissons,15,20.0
8477446,Michael McCarron,0,9.0
8478409,Anthony Richard,18,13.666666666666666
8478438,Thomas Novak,3,25.666666666666668
8478508,Yakov Trenin,7,17.666666666666668
8479316,Luke Kunin,19,23.333333333333332
8479514,Rem Pitlick,10,16.0
8479575,Patrick Harper,9,16.0
8479644,Matt Luff,4,9.666666666666666
8479661,Tanner Jeannot,6,11.333333333333334
8479671,Mathieu Olivier,5,8.333333333333334
8479996,Cody Glass,10,7.333333333333333
8480009,Eeli Tolvanen,13,23.666666666666668
8480061,Grant Mismash,19,16.333333333333332
8481577,Philip Tomasino,6,31.666666666666668
8481585,Egor Afanasyev,0,3.3333333333333335
8481704,Juuso Parssinen,4,15.666666666666666
8482062,Cole Smith,3,4.333333333333333
8482146,Luke Evangelista,4,22.0
8482742,Zachary L'Heureux,39,31.666666666666668
8476897,Oskar Sundqvist,9,21.0
8474102,David Perron,58,54.666666666666664
8475098,Tyler Bozak,17,28.0
8475158,Ryan O'Reilly,54,64.0
8475160,Kyle Clifford,7,8.0
8475170,Brayden Schenn,36,49.333333333333336
8475765,Vladimir Tarasenko,14,30.666666666666668
8476285,Matthew Peca,11,8.333333333333334
8476438,Brandon Saad,24,34.666666666666664
8476907,Mackenzie MacEachern,2,9.333333333333334
8477402,Pavel Buchnevich,48,44.0
8477482,Zach Sanford,16,17.333333333333332
8477573,Nathan Walker,2,11.666666666666666
8477964,Ivan Barbashev,12,21.333333333333332
8478057,Dakota Joshua,3,3.6666666666666665
8479309,Nathan Todd,32,21.0
8479349,Tanner Kaspick,5,9.0
8479385,Jordan Kyrou,35,19.666666666666668
8479443,Sam Anas,23,43.666666666666664
8479588,Nolan Stevens,18,22.333333333333332
8480011,Klim Kostin,18,16.333333333333332
8480023,Robert Thomas,12,29.0
8480281,Alexei Toropchenko,11,6.666666666666667
8481000,Mathias Laferriere,39,53.666666666666664
8481070,Hugh McGing,4,23.0
8481543,Nikita Alexandrov,5,8.333333333333334
8481667,Keean Washkurak,0,23.666666666666668
8482089,Jake Neighbours,33,34.333333333333336
8482156,Tanner Dickinson,0,14.333333333333334
8482737,Zachary Bolduc,29,12.0
8481590,Ilya Nikolaev,18,10.666666666666666
8482112,Ryan Francis,29,40.666666666666664
8482209,Rory Kerins,0,27.333333333333332
8482664,Cole Huckins,32,24.0
8482889,Lucas Ciona,4,10.0
8470755,Brad Richardson,4,14.0
8473453,Trevor Lewis,10,11.333333333333334
8473473,Milan Lucic,23,21.0
8474150,Mikael Backlund,32,41.333333333333336
8475278,Byron Froese,5,16.0
8475752,Tyler Pitlick,11,14.333333333333334
8476346,Johnny Gaudreau,49,36.333333333333336
8476399,Blake Coleman,31,21.0
8476439,Brett Ritchie,8,6.0
8477496,Elias Lindholm,47,36.0
8477497,Sean Monahan,28,52.666666666666664
8477993,Justin Kirkland,7,21.666666666666668
8478224,Luke Philp,17,31.0
8478233,Andrew Mangiapane,8,24.0
8478446,Glenn Gawdin,13,4.666666666666667
8479314,Matthew Tkachuk,43,60.333333333333336
8479346,Dillon Dube,22,17.0
8479408,Eetu Tuulola,7,3.6666666666666665
8479547,Matthew Phillips,21,18.0
8480008,Adam Ruzicka,21,16.333333333333332
8481005,Dmitry Zavgorodniy,4,4.0
8481028,Martin Pospisil,11,12.666666666666666
8481041,Mathias Emilio Pettersen,14,16.666666666666668
8481592,Jakob Pelletier,7,44.0
8482074,Connor Zary,7,11.0
8482652,Walker Duehr,0,10.666666666666666
8471794,Darren Helm,8,13.666666666666666
8475172,Nazem Kadri,32,37.333333333333336
8476455,Gabriel Landeskog,52,34.333333333333336
8476870,Stefan Matteau,1,10.666666666666666
8477126,Jayson Megna,9,15.0
8477444,Andre Burakovsky,44,38.0
8477456,J.T. Compher,18,27.0
8477492,Nathan MacKinnon,65,85.66666666666667
8477501,Valeri Nichushkin,21,19.333333333333332
8478106,Dylan Sikura,22,19.0
8478420,Mikko Rantanen,66,64.66666666666667
8479370,Tyson Jost,17,14.0
8479573,Mikhail Maltsev,1,3.6666666666666665
8479997,Nick Henry,4,6.666666666666667
8480032,Shane Bowers,9,12.666666666666666
8480748,Kiefer Sherwood,16,14.0
8480822,Martin Kaut,16,7.333333333333333
8480846,Sampo Ranta,7,14.666666666666666
8481186,Logan O'Connor,5,10.666666666666666
8481595,Alex Beaucage,20,32.666666666666664
8481618,Alex Newhook,6,10.333333333333334
8482147,Jean-Luc Foudy,14,7.0
8482712,Oskar Olausson,0,11.0
8482825,Andreas Wingerli,2,11.0
8482673,Xavier Bourgault,40,37.666666666666664
8474068,Kyle Turris,5,15.333333333333334
8475178,Zack Kassian,5,21.666666666666668
8475786,Zach Hyman,33,37.0
8476326,Josh Archibald,13,18.666666666666668
8476454,Ryan Nugent-Hopkins,35,55.0
8476495,Seth Griffith,28,42.0
8476913,Devin Shore,9,7.0
8477934,Leon Draisaitl,84,69.66666666666667
8477943,Brendan Perlini,16,6.666666666666667
8477998,Warren Foegele,20,21.666666666666668
8478402,Connor McDavid,105,106.0
8478442,Cooper Marody,0,17.666666666666668
8478585,Derek Ryan,13,15.333333333333334
8479344,Jesse Puljujarvi,12,14.0
8479347,Tyler Benson,36,30.333333333333332
8479977,Kailer Yamamoto,21,21.0
8480076,Ostap Safin,6,15.333333333333334
8480203,Tim Soderlund,5,9.0
8480229,Kirill Maksimov,27,14.333333333333334
8480802,Ryan McLeod,28,13.333333333333334
8481534,Raphael Lavoie,10,19.0
8482077,Dylan Holloway,2,18.0
8482151,Tyler Tullio,13,26.666666666666668
8477473,Justin Bailey,0,15.666666666666666
8480012,Elias Pettersson,21,33.666666666666664
8474091,Brandon Sutter,12,11.666666666666666
8475413,Justin Dowling,5,4.666666666666667
8476468,J.T. Miller,46,55.0
8476858,Phillip Di Giuseppe,8,12.666666666666666
8476871,Tanner Pearson,18,25.0
8477353,Tyler Motte,9,11.0
8477450,Jason Dickinson,15,19.333333333333332
8477464,Nic Petan,15,15.666666666666666
8477500,Bo Horvat,39,51.0
8478146,Matthew Highmore,5,6.333333333333333
8478444,Brock Boeser,49,50.0
8478856,Conor Garland,4,27.333333333333332
8479367,William Lockwood,11,11.333333333333334
8479772,Zack MacEwen,2,6.333333333333333
8479962,John Stevens,10,8.0
8480326,Sheldon Dries,10,15.0
8480776,Sheldon Rempal,14,11.666666666666666
8481192,Carson Focht,12,44.0
8481535,Nils Hoglander,14,20.0
8481617,Vasily Podkolzin,8,4.333333333333333
8481728,Karel Plasek,3,6.333333333333333
8482918,Danila Klimovich,52,19.666666666666668
8470612,Ryan Getzlaf,17,35.666666666666664
8474641,Adam Henrique,21,22.0
8475164,Jakob Silfverberg,16,32.666666666666664
8475235,Nicolas Deslauriers,10,9.333333333333334
8475842,Sam Carrick,24,24.333333333333332
8476483,Rickard Rakell,28,37.666666666666664
8476982,Danny O'Regan,37,41.0
8477210,Buddy Robinson,0,11.0
8477947,Sonny Milano,2,2.3333333333333335
8478873,Troy Terry,20,17.0
8479351,Sam Steel,12,25.0
8479368,Max Jones,11,8.333333333333334
8480031,Max Comtois,6,21.0
8480186,Alexander Volkov,8,14.333333333333334
8480195,Jack Badini,1,5.666666666666667
8480806,Isac Lundestrom,2,7.333333333333333
8480870,Benoit-Olivier Groulx,29,35.666666666666664
8481112,Maxim Golod,5,30.0
8481530,Brayden Tracey,21,14.666666666666666
8481533,Trevor Zegras,21,17.333333333333332
8481815,Bryce Kindopp,20,32.666666666666664
8482150,Jacob Perreault,17,29.666666666666668
8482682,Sasha Pastujov,26,33.0
8471228,Alexander Radulov,12,39.333333333333336
8482120,Antonio Stranges,1,15.333333333333334
8482702,Logan Stankoven,8,7.333333333333333
8482709,Conner Roulette,2,6.333333333333333
8482740,Wyatt Johnston,4,13.0
8482891,Francesco Arcuri,15,13.333333333333334
8470794,Joe Pavelski,51,48.666666666666664
8471260,Blake Comeau,14,16.0
8473994,Jamie Benn,35,42.333333333333336
8475794,Tyler Seguin,2,44.0
8476822,Luke Glendening,15,8.666666666666666
8476889,Radek Faksa,14,12.666666666666666
8477290,Michael Raffl,3,4.666666666666667
8478449,Roope Hintz,43,32.666666666666664
8478495,Denis Gurianov,30,20.666666666666668
8478528,Tanner Kero,10,33.333333333333336
8479362,Riley Tufte,9,14.333333333333334
8479381,Nick Caamano,1,8.666666666666666
8479518,Fredrik Karlstrom,0,15.0
8479587,Rhett Gardner,0,8.666666666666666
8479746,Tye Felhaber,8,7.333333333333333
8480027,Jason Robertson,9,33.666666666666664
8480216,Jacob Peterson,33,16.666666666666668
8480769,Joel L'Esperance,2,14.333333333333334
8480840,Oskar Back,14,6.333333333333333
8480848,Ty Dellandrea,6,4.666666666666667
8480988,Riley Damiani,36,38.0
8481641,Joel Kiviranta,11,11.666666666666666
8481863,Yauheni Aksiantsiuk,6,30.333333333333332
8482145,Mavrik Bourque,5,16.333333333333332
8482640,Jordan Kawaguchi,2,27.666666666666668
8470606,Dustin Brown,31,39.0
8471685,Anze Kopitar,50,40.333333333333336
8476479,Phillip Danault,24,41.333333333333336
8476960,Andreas Athanasiou,23,16.333333333333332
8477960,Adrian Kempe,29,22.333333333333332
8477962,Brendan Lemieux,4,9.666666666666666
8478042,Viktor Arvidsson,25,33.666666666666664
8478250,Vladimir Tkachev,0,12.666666666666666
8478455,Austin Wagner,8,7.333333333333333
8479336,Carl Grundstrom,13,17.333333333333332
8479633,Brayden Burke,14,33.0
8479675,Trevor Moore,4,9.666666666666666
8479994,Jaret Anderson-Dolan,2,13.666666666666666
8480014,Gabriel Vilardi,1,16.333333333333332
8480072,Lias Andersson,0,9.333333333333334
8480113,Alex Iafallo,30,35.333333333333336
8480845,Rasmus Kupari,23,8.666666666666666
8481039,Johan Sodergran,3,4.333333333333333
8481481,Blake Lizotte,10,11.0
8476442,Matt Nieto,7,17.0
8471699,Andrew Cogliano,11,10.333333333333334
8474009,Nick Bonino,26,32.0
8474053,Logan Couture,31,46.666666666666664
8475169,Evander Kane,49,50.666666666666664
8476881,Tomas Hertl,43,51.0
8478099,Kevin Labanc,0,20.333333333333332
8478414,Timo Meier,6,28.666666666666668
8478447,Nick Merkley,3,8.666666666666666
8478870,Rudolfs Balcers,15,22.666666666666668
8478967,Lane Pederson,17,18.0
8479373,Jonathan Dahlen,0,49.333333333333336
8479393,Noah Gregor,9,11.333333333333334
8479571,Joachim Blichfeld,22,11.666666666666666
8479580,Dylan Gambrell,12,11.666666666666666
8479705,Jeffrey Viel,4,11.333333333333334
8480016,Zach Gallant,5,24.666666666666668
8480053,Alexander Chmelevski,20,8.666666666666666
8480060,Scott Reedy,8,19.666666666666668
8480236,Jacob McGrew,7,7.666666666666667
8480304,Jayden Halbgewachs,11,27.0
8481061,Jasper Weatherby,24,15.666666666666666
8481077,John Leonard,2,17.333333333333332
8481516,Joel Kellman,21,9.333333333333334
8481549,Dillon Hamaliuk,13,23.333333333333332
8481669,Timur Ibragimov,14,11.333333333333334
8482101,Danil Gushchin,64,24.0
8482103,Ozzy Wiesblatt,3,10.666666666666666
8482181,Tristen Robins,0,32.0
8482197,Adam Raska,0,8.666666666666666
8482222,Alexander Barabanov,0,2.0
8482667,William Eklund,23,21.333333333333332
8476432,Boone Jenner,17,26.333333333333332
8471804,Nathan Gerbe,10,12.666666666666666
8474161,Jakub Voracek,43,39.0
8474679,Gustav Nyquist,42,34.0
8474736,Zac Rinaldo,0,4.0
8476345,Gregory Hofmann,8,32.0
8476374,Sean Kuraly,9,17.666666666666668
8476867,Brendan Gaunce,12,16.666666666666668
8477416,Oliver Bjorkstrand,44,38.666666666666664
8477503,Max Domi,24,46.666666666666664
8478387,Tyler Sikura,21,24.666666666666668
8478458,Jack Roslovic,34,29.0
8478831,Kevin Stenlund,10,12.666666666666666
8479339,Patrik Laine,21,29.0
8479941,Justin Danforth,1,19.0
8480074,Alexandre Texier,4,6.666666666666667
8480205,Emil Bemstrom,17,14.0
8480292,Carson Meyer,20,24.333333333333332
8480441,Trey Fix-Wolansky,9,45.666666666666664
8480762,Eric Robinson,3,8.666666666666666
8480853,Liam Foudy,16,7.333333333333333
8481690,Tyler Angle,24,45.0
8482475,Yegor Chinakhov,3,7.0
8482623,Josh Dunne,10,5.0
8482705,Cole Sillinger,46,34.666666666666664
8475220,Marcus Foligno,26,23.333333333333332
8475692,Mats Zuccarello,35,25.0
8475760,Nick Bjugstad,17,11.0
8476390,Joseph Cramarossa,3,5.333333333333333
8476415,Kyle Rau,2,32.666666666666664
8476437,Victor Rask,23,13.0
8477451,Ryan Hartman,22,16.0
8477919,Frederick Gaudreau,4,14.0
8477942,Kevin Fiala,40,34.333333333333336
8478413,Jordan Greenway,32,22.0
8478493,Joel Eriksson Ek,30,22.666666666666668
8478864,Kirill Kaprizov,51,38.333333333333336
8479520,Brandon Duhaime,9,21.0
8480980,Connor Dewar,23,41.0
8481477,Nico Sturm,17,17.0
8481557,Matt Boldy,18,18.666666666666668
8473412,Bryan Little,5,29.666666666666668
8471218,Blake Wheeler,46,67.33333333333333
8471669,Paul Stastny,29,36.333333333333336
8474062,Riley Nash,7,11.0
8476392,Adam Lowry,24,19.0
8476460,Mark Scheifele,63,73.33333333333333
8476952,Dominic Toninato,3,4.0
8477366,Luke Johnson,1,11.0
8477429,Andrew Copp,39,30.0
8477940,Nikolaj Ehlers,46,47.0
8478040,Austin Poganski,0,10.0
8478058,CJ Suess,14,13.666666666666666
8478398,Kyle Connor,50,63.0
8478424,Jansen Harkins,2,13.333333333333334
8479400,Pierre-Luc Dubois,20,23.333333333333332
8479591,Michael Eyssimont,17,21.666666666666668
8480005,Kristian Vesalainen,8,4.666666666666667
8480443,Kristian Reichel,12,13.0
8481019,David Gustafsson,17,12.0
8482149,Cole Perfetti,6,11.333333333333334
8482408,Jeff Malott,1,11.333333333333334
8474291,Jay Beagle,5,8.666666666666666
8470626,Loui Eriksson,1,7.333333333333333
8471217,Andrew Ladd,0,5.0
8473548,Phil Kessel,43,54.333333333333336
8474849,Antoine Roussel,4,6.0
8475728,Johan Larsson,14,15.333333333333334
8476288,Ryan Dzingel,9,14.0
8476329,Travis Boyd,2,5.333333333333333
8476436,Dmitrij Jaskin,60,41.333333333333336
8477951,Nick Schmaltz,32,30.333333333333332
8478432,Christian Fischer,11,12.666666666666666
8478474,Lawson Crouse,13,21.0
8479343,Clayton Keller,35,27.666666666666668
8474149,Evgenii Dadonov,20,26.0
8474157,Max Pacioretty,51,52.333333333333336
8475191,Reilly Smith,25,44.0
8475913,Mark Stone,61,46.0
8476448,William Karlsson,39,47.0
8476466,Sven Baertschi,14,20.666666666666668
8476539,Jonathan Marchessault,44,33.666666666666664
8476905,Chandler Stephenson,35,20.333333333333332
8477406,Mattias Janmark,5,15.0
8477478,William Carrier,15,14.333333333333334
8477887,Patrick Brown,8,9.666666666666666
8477949,Alex Tuch,33,34.0
8478434,Keegan Kolesar,13,10.333333333333334
8478462,Nicolas Roy,15,15.666666666666666
8479353,Brett Howden,7,16.333333333333332
8479974,Nolan Patrick,9,23.333333333333332
8480044,Lucas Elvenes,24,24.333333333333332
8480259,Ben Jones,16,9.333333333333334
8481032,Paul Cotter,16,8.666666666666666
8481604,Pavel Dorofeyev,13,11.333333333333334
8481664,Mason Primeau,3,8.333333333333334
8482473,Maxim Marushev,1,7.666666666666667
8474586,Jordan Eberle,33,36.666666666666664
8475149,Marcus Johansson,14,15.666666666666666
8475714,Calle Jarnkrok,28,29.333333333333332
8475768,Jaden Schwartz,21,38.0
8475772,Riley Sheahan,13,12.666666666666666
8475820,Joonas Donskoi,31,33.666666666666664
8476278,Colin Blackwell,0,15.0
8476826,Yanni Gourde,36,38.0
8477505,Alex Wennberg,29,20.333333333333332
8477955,Jared McCann,32,24.0
8477987,Ryan Donato,3,15.333333333333334
8478891,Mason Appleton,25,11.333333333333334
8479293,Brandon Tanev,16,23.333333333333332
8479358,Carsen Twarynski,0,4.0
8479414,Nathan Bastian,10,24.0
8479986,Kole Lind,8,17.333333333333332
8479987,Morgan Geekie,5,18.666666666666668
8480384,Alexander True,0,7.333333333333333
8480869,Luke Henman,43,54.333333333333336
